Image,Contours,valid
./dataset-dev/plates/GB.112704.A-011.tif,"[array([[ 415, 1072],
       [1967, 1072],
       [1967, 2414],
       [ 415, 2414]], dtype=int32), array([[ 507,  904],
       [1967,  904],
       [1967, 1042],
       [ 507, 1042]], dtype=int32), array([[1286,  849],
       [1394,  849],
       [1394,  904],
       [1286,  904]], dtype=int32), array([[ 593, 1871],
       [ 648, 1871],
       [ 648, 1938],
       [ 593, 1938]], dtype=int32), array([[1882, 1919],
       [1938, 1919],
       [1938, 1981],
       [1882, 1981]], dtype=int32), array([[1403,  849],
       [1466,  849],
       [1466,  904],
       [1403,  904]], dtype=int32)]",1
./dataset-dev/plates/GB.426870.A-007.tif,"[array([[ 444, 1635],
       [1915, 1635],
       [1915, 2717],
       [ 444, 2717]], dtype=int32), array([[ 410,  566],
       [1915,  566],
       [1915, 1581],
       [ 410, 1581]], dtype=int32), array([[ 388, 1594],
       [1915, 1594],
       [1915, 1657],
       [ 388, 1657]], dtype=int32), array([[1420, 1642],
       [1591, 1642],
       [1591, 1708],
       [1420, 1708]], dtype=int32), array([[ 876,  563],
       [1029,  563],
       [1029,  631],
       [ 876,  631]], dtype=int32)]",1
./dataset-dev/plates/GB.220420.A-010.tif,"[array([[ 485,  726],
       [2006,  726],
       [2006, 2486],
       [ 485, 2486]], dtype=int32), array([[1241, 2382],
       [1413, 2382],
       [1413, 2457],
       [1241, 2457]], dtype=int32), array([[1403, 2384],
       [1527, 2384],
       [1527, 2459],
       [1403, 2459]], dtype=int32), array([[1406, 2219],
       [1506, 2219],
       [1506, 2273],
       [1406, 2273]], dtype=int32), array([[575, 256],
       [718, 256],
       [718, 282],
       [575, 282]], dtype=int32)]",1
./dataset-dev/plates/GB.544722.A-035.tif,"[array([[ 746,  158],
       [2191,  158],
       [2191, 1134],
       [ 746, 1134]], dtype=int32), array([[ 708, 1153],
       [1797, 1153],
       [1797, 2178],
       [ 708, 2178]], dtype=int32), array([[1971, 1172],
       [2168, 1172],
       [2168, 2096],
       [1971, 2096]], dtype=int32), array([[1848, 1601],
       [1929, 1601],
       [1929, 1733],
       [1848, 1733]], dtype=int32), array([[680, 491],
       [740, 491],
       [740, 623],
       [680, 623]], dtype=int32), array([[ 756,  928],
       [ 793,  928],
       [ 793, 1072],
       [ 756, 1072]], dtype=int32)]",1
./dataset-dev/plates/GB.544722.A-021.tif,"[array([[ 710,  418],
       [2157,  418],
       [2157, 1941],
       [ 710, 1941]], dtype=int32), array([[ 958, 1958],
       [1885, 1958],
       [1885, 2979],
       [ 958, 2979]], dtype=int32), array([[2082, 1764],
       [2322, 1764],
       [2322, 2359],
       [2082, 2359]], dtype=int32), array([[1265,  421],
       [1428,  421],
       [1428,  527],
       [1265,  527]], dtype=int32), array([[2166, 1649],
       [2321, 1649],
       [2321, 1755],
       [2166, 1755]], dtype=int32), array([[ 731, 2000],
       [ 847, 2000],
       [ 847, 2111],
       [ 731, 2111]], dtype=int32), array([[1279,  729],
       [1358,  729],
       [1358,  775],
       [1279,  775]], dtype=int32), array([[ 998,  860],
       [1072,  860],
       [1072,  908],
       [ 998,  908]], dtype=int32), array([[1751, 1640],
       [1828, 1640],
       [1828, 1685],
       [1751, 1685]], dtype=int32), array([[1865, 2827],
       [1940, 2827],
       [1940, 2872],
       [1865, 2872]], dtype=int32), array([[ 713,  972],
       [ 781,  972],
       [ 781, 1020],
       [ 713, 1020]], dtype=int32), array([[2254, 1357],
       [2322, 1357],
       [2322, 1404],
       [2254, 1404]], dtype=int32), array([[ 846, 2027],
       [ 903, 2027],
       [ 903, 2082],
       [ 846, 2082]], dtype=int32), array([[2072, 1417],
       [2139, 1417],
       [2139, 1462],
       [2072, 1462]], dtype=int32)]",0
./dataset-dev/plates/GB.411884.A-027.tif,"[array([[ 477, 1434],
       [1676, 1434],
       [1676, 2592],
       [ 477, 2592]], dtype=int32), array([[ 396,  165],
       [1054,  165],
       [1054, 1249],
       [ 396, 1249]], dtype=int32), array([[1112,  165],
       [1627,  165],
       [1627, 1230],
       [1112, 1230]], dtype=int32), array([[1628, 1562],
       [2175, 1562],
       [2175, 2451],
       [1628, 2451]], dtype=int32), array([[1573,  165],
       [2174,  165],
       [2174,  625],
       [1573,  625]], dtype=int32), array([[ 396, 1308],
       [2174, 1308],
       [2174, 1335],
       [ 396, 1335]], dtype=int32), array([[1038,  524],
       [1112,  524],
       [1112,  794],
       [1038,  794]], dtype=int32), array([[1638, 2262],
       [1712, 2262],
       [1712, 2431],
       [1638, 2431]], dtype=int32), array([[ 396, 1981],
       [ 459, 1981],
       [ 459, 2149],
       [ 396, 2149]], dtype=int32), array([[396, 739],
       [457, 739],
       [457, 908],
       [396, 908]], dtype=int32), array([[ 861, 1748],
       [ 932, 1748],
       [ 932, 1831],
       [ 861, 1831]], dtype=int32), array([[1638, 2162],
       [1689, 2162],
       [1689, 2259],
       [1638, 2259]], dtype=int32), array([[396, 624],
       [436, 624],
       [436, 738],
       [396, 738]], dtype=int32), array([[ 396, 1870],
       [ 437, 1870],
       [ 437, 1980],
       [ 396, 1980]], dtype=int32), array([[915, 542],
       [949, 542],
       [949, 636],
       [915, 636]], dtype=int32)]",1
./dataset-dev/plates/GB.411884.A-033.tif,"[array([[ 282,  860],
       [2164,  860],
       [2164, 2910],
       [ 282, 2910]], dtype=int32), array([[1022,  640],
       [1748,  640],
       [1748, 1166],
       [1022, 1166]], dtype=int32), array([[1485, 2134],
       [2152, 2134],
       [2152, 2563],
       [1485, 2563]], dtype=int32), array([[ 282, 1527],
       [ 723, 1527],
       [ 723, 2009],
       [ 282, 2009]], dtype=int32), array([[ 282, 2311],
       [ 675, 2311],
       [ 675, 2638],
       [ 282, 2638]], dtype=int32), array([[1752, 1075],
       [2114, 1075],
       [2114, 1172],
       [1752, 1172]], dtype=int32), array([[1686, 2021],
       [2041, 2021],
       [2041, 2116],
       [1686, 2116]], dtype=int32), array([[1133, 1191],
       [1202, 1191],
       [1202, 1335],
       [1133, 1335]], dtype=int32), array([[ 282, 1575],
       [ 349, 1575],
       [ 349, 1664],
       [ 282, 1664]], dtype=int32), array([[ 282, 2154],
       [ 367, 2154],
       [ 367, 2217],
       [ 282, 2217]], dtype=int32)]",0
./dataset-dev/plates/GB.411963.A-008.tif,"[array([[ 323,  543],
       [1024,  543],
       [1024, 1799],
       [ 323, 1799]], dtype=int32), array([[1527,  539],
       [2010,  539],
       [2010, 1846],
       [1527, 1846]], dtype=int32), array([[1153,  530],
       [1366,  530],
       [1366, 1844],
       [1153, 1844]], dtype=int32), array([[ 282, 2033],
       [ 428, 2033],
       [ 428, 2774],
       [ 282, 2774]], dtype=int32), array([[1274,  499],
       [1427,  499],
       [1427,  595],
       [1274,  595]], dtype=int32), array([[1866,  608],
       [2014,  608],
       [2014,  706],
       [1866,  706]], dtype=int32), array([[282, 500],
       [377, 500],
       [377, 597],
       [282, 597]], dtype=int32), array([[378, 506],
       [429, 506],
       [429, 572],
       [378, 572]], dtype=int32)]",1
./dataset-dev/plates/GB.496119.A-009.tif,"[array([[ 435, 1744],
       [2130, 1744],
       [2130, 2811],
       [ 435, 2811]], dtype=int32), array([[ 601,  480],
       [1911,  480],
       [1911, 1571],
       [ 601, 1571]], dtype=int32), array([[2232,  381],
       [2292,  381],
       [2292, 2973],
       [2232, 2973]], dtype=int32), array([[1174, 2870],
       [1350, 2870],
       [1350, 2934],
       [1174, 2934]], dtype=int32), array([[ 380, 2623],
       [ 401, 2623],
       [ 401, 2973],
       [ 380, 2973]], dtype=int32), array([[1141, 1570],
       [1253, 1570],
       [1253, 1635],
       [1141, 1635]], dtype=int32), array([[1073,  620],
       [1280,  620],
       [1280,  649],
       [1073,  649]], dtype=int32)]",1
./dataset-dev/plates/GB.272628.A-015.tif,"[array([[ 282, 1785],
       [2210, 1785],
       [2210, 3015],
       [ 282, 3015]], dtype=int32), array([[ 282,  801],
       [1090,  801],
       [1090, 1836],
       [ 282, 1836]], dtype=int32), array([[ 282, 1553],
       [1044, 1553],
       [1044, 1799],
       [ 282, 1799]], dtype=int32), array([[ 282, 1072],
       [ 542, 1072],
       [ 542, 1501],
       [ 282, 1501]], dtype=int32), array([[ 282, 1503],
       [ 617, 1503],
       [ 617, 1593],
       [ 282, 1593]], dtype=int32), array([[ 282, 2895],
       [ 478, 2895],
       [ 478, 3027],
       [ 282, 3027]], dtype=int32), array([[282, 705],
       [417, 705],
       [417, 871],
       [282, 871]], dtype=int32), array([[ 282, 2934],
       [ 430, 2934],
       [ 430, 3027],
       [ 282, 3027]], dtype=int32), array([[1283, 1220],
       [1402, 1220],
       [1402, 1310],
       [1283, 1310]], dtype=int32), array([[ 638, 1113],
       [ 668, 1113],
       [ 668, 1330],
       [ 638, 1330]], dtype=int32), array([[ 798, 1149],
       [ 828, 1149],
       [ 828, 1354],
       [ 798, 1354]], dtype=int32), array([[1398, 1218],
       [1461, 1218],
       [1461, 1309],
       [1398, 1309]], dtype=int32), array([[ 399, 2002],
       [ 454, 2002],
       [ 454, 2077],
       [ 399, 2077]], dtype=int32), array([[ 479, 2947],
       [ 548, 2947],
       [ 548, 2998],
       [ 479, 2998]], dtype=int32)]",1
./dataset-dev/plates/GB.191506686.A-011.tif,"[array([[  93,  472],
       [1546,  472],
       [1546, 1466],
       [  93, 1466]], dtype=int32), array([[  93, 2285],
       [1480, 2285],
       [1480, 2866],
       [  93, 2866]], dtype=int32), array([[  93, 1547],
       [1481, 1547],
       [1481, 2068],
       [  93, 2068]], dtype=int32), array([[1387, 2814],
       [1568, 2814],
       [1568, 2868],
       [1387, 2868]], dtype=int32), array([[540, 448],
       [678, 448],
       [678, 516],
       [540, 516]], dtype=int32), array([[ 321, 1534],
       [ 387, 1534],
       [ 387, 1601],
       [ 321, 1601]], dtype=int32), array([[ 388, 1538],
       [ 453, 1538],
       [ 453, 1602],
       [ 388, 1602]], dtype=int32), array([[ 157, 2270],
       [ 217, 2270],
       [ 217, 2336],
       [ 157, 2336]], dtype=int32), array([[  93, 2270],
       [ 151, 2270],
       [ 151, 2337],
       [  93, 2337]], dtype=int32), array([[ 467, 1536],
       [ 514, 1536],
       [ 514, 1600],
       [ 467, 1600]], dtype=int32)]",1
./dataset-dev/plates/GB.545196.A-008.tif,"[array([[ 671, 1358],
       [2127, 1358],
       [2127, 2143],
       [ 671, 2143]], dtype=int32), array([[1433, 2099],
       [2113, 2099],
       [2113, 2780],
       [1433, 2780]], dtype=int32), array([[1538, 2220],
       [1900, 2220],
       [1900, 2620],
       [1538, 2620]], dtype=int32), array([[1641, 2322],
       [1822, 2322],
       [1822, 2458],
       [1641, 2458]], dtype=int32), array([[1931, 2287],
       [2051, 2287],
       [2051, 2438],
       [1931, 2438]], dtype=int32), array([[1931, 2827],
       [2012, 2827],
       [2012, 2961],
       [1931, 2961]], dtype=int32), array([[1946, 1497],
       [2011, 1497],
       [2011, 1561],
       [1946, 1561]], dtype=int32), array([[2140, 1700],
       [2178, 1700],
       [2178, 1791],
       [2140, 1791]], dtype=int32)]",1
./dataset-dev/plates/GB.125650.A-013.tif,"[array([[ 328,  404],
       [1968,  404],
       [1968, 2849],
       [ 328, 2849]], dtype=int32), array([[ 246,  255],
       [1967,  255],
       [1967,  327],
       [ 246,  327]], dtype=int32), array([[ 963, 2864],
       [1168, 2864],
       [1168, 2944],
       [ 963, 2944]], dtype=int32), array([[ 975,  693],
       [1085,  693],
       [1085,  796],
       [ 975,  796]], dtype=int32), array([[1200,  255],
       [1467,  255],
       [1467,  293],
       [1200,  293]], dtype=int32), array([[1221, 2862],
       [1324, 2862],
       [1324, 2944],
       [1221, 2944]], dtype=int32), array([[1092, 1363],
       [1171, 1363],
       [1171, 1455],
       [1092, 1455]], dtype=int32), array([[1009,  255],
       [1193,  255],
       [1193,  290],
       [1009,  290]], dtype=int32), array([[1001, 1210],
       [1083, 1210],
       [1083, 1285],
       [1001, 1285]], dtype=int32), array([[ 836,  255],
       [1000,  255],
       [1000,  289],
       [ 836,  289]], dtype=int32), array([[524, 255],
       [647, 255],
       [647, 289],
       [524, 289]], dtype=int32), array([[1008, 2186],
       [1070, 2186],
       [1070, 2248],
       [1008, 2248]], dtype=int32), array([[246, 255],
       [340, 255],
       [340, 295],
       [246, 295]], dtype=int32)]",1
./dataset-dev/plates/GB.152368.A-038.tif,"[array([[ 273,  652],
       [1621,  652],
       [1621, 2898],
       [ 273, 2898]], dtype=int32), array([[ 273, 1202],
       [ 919, 1202],
       [ 919, 2202],
       [ 273, 2202]], dtype=int32), array([[332, 375],
       [468, 375],
       [468, 436],
       [332, 436]], dtype=int32), array([[ 935, 1727],
       [1358, 1727],
       [1358, 1745],
       [ 935, 1745]], dtype=int32), array([[493, 382],
       [580, 382],
       [580, 429],
       [493, 429]], dtype=int32)]",1
./dataset-dev/plates/GB.191223716.A-012.tif,"[array([[ 321,  988],
       [1112,  988],
       [1112, 2383],
       [ 321, 2383]], dtype=int32), array([[1279,  987],
       [1794,  987],
       [1794, 1931],
       [1279, 1931]], dtype=int32), array([[ 146, 2363],
       [1941, 2363],
       [1941, 2417],
       [ 146, 2417]], dtype=int32), array([[ 289, 1240],
       [ 409, 1240],
       [ 409, 1301],
       [ 289, 1301]], dtype=int32), array([[1116, 2089],
       [1221, 2089],
       [1221, 2153],
       [1116, 2153]], dtype=int32), array([[1713, 1186],
       [1829, 1186],
       [1829, 1237],
       [1713, 1237]], dtype=int32)]",1
./dataset-dev/plates/GB.216640.A-004.tif,"[array([[ 603,  602],
       [1492,  602],
       [1492, 2794],
       [ 603, 2794]], dtype=int32), array([[1472,  546],
       [2172,  546],
       [2172, 2690],
       [1472, 2690]], dtype=int32), array([[1774,  597],
       [2018,  597],
       [2018,  690],
       [1774,  690]], dtype=int32), array([[ 568, 1453],
       [ 780, 1453],
       [ 780, 1558],
       [ 568, 1558]], dtype=int32), array([[2233, 1901],
       [2353, 1901],
       [2353, 1989],
       [2233, 1989]], dtype=int32), array([[1245,  434],
       [1448,  434],
       [1448,  485],
       [1245,  485]], dtype=int32), array([[775, 488],
       [960, 488],
       [960, 530],
       [775, 530]], dtype=int32), array([[ 777, 1687],
       [ 845, 1687],
       [ 845, 1748],
       [ 777, 1748]], dtype=int32), array([[1352, 1141],
       [1421, 1141],
       [1421, 1201],
       [1352, 1201]], dtype=int32), array([[1007,  583],
       [1060,  583],
       [1060,  656],
       [1007,  656]], dtype=int32), array([[1290, 1719],
       [1356, 1719],
       [1356, 1765],
       [1290, 1765]], dtype=int32)]",1
./dataset-dev/plates/GB.171939.A-005.tif,"[array([[ 392,  777],
       [1908,  777],
       [1908, 2899],
       [ 392, 2899]], dtype=int32), array([[2212,  872],
       [2391,  872],
       [2391, 1756],
       [2212, 1756]], dtype=int32), array([[2004,  478],
       [2025,  478],
       [2025, 3082],
       [2004, 3082]], dtype=int32), array([[1339, 1999],
       [1546, 1999],
       [1546, 2069],
       [1339, 2069]], dtype=int32), array([[652, 888],
       [840, 888],
       [840, 955],
       [652, 955]], dtype=int32), array([[1389, 1646],
       [1460, 1646],
       [1460, 1721],
       [1389, 1721]], dtype=int32), array([[1000, 2799],
       [1085, 2799],
       [1085, 2846],
       [1000, 2846]], dtype=int32)]",0
./dataset-dev/plates/GB.121298.A-007.tif,"[array([[ 274,  985],
       [1485,  985],
       [1485, 1862],
       [ 274, 1862]], dtype=int32), array([[ 303, 1863],
       [ 925, 1863],
       [ 925, 2287],
       [ 303, 2287]], dtype=int32), array([[1389, 1068],
       [1869, 1068],
       [1869, 1366],
       [1389, 1366]], dtype=int32), array([[1504, 1454],
       [1902, 1454],
       [1902, 1745],
       [1504, 1745]], dtype=int32), array([[1039, 1960],
       [1239, 1960],
       [1239, 2286],
       [1039, 2286]], dtype=int32), array([[1628, 1917],
       [1842, 1917],
       [1842, 2221],
       [1628, 2221]], dtype=int32), array([[1356, 1937],
       [1544, 1937],
       [1544, 2116],
       [1356, 2116]], dtype=int32), array([[1366, 2121],
       [1547, 2121],
       [1547, 2199],
       [1366, 2199]], dtype=int32), array([[1081, 1853],
       [1207, 1853],
       [1207, 1961],
       [1081, 1961]], dtype=int32), array([[1570, 1377],
       [1777, 1377],
       [1777, 1440],
       [1570, 1440]], dtype=int32), array([[ 742, 1947],
       [ 925, 1947],
       [ 925, 2008],
       [ 742, 2008]], dtype=int32), array([[ 599,  985],
       [ 779,  985],
       [ 779, 1044],
       [ 599, 1044]], dtype=int32), array([[1323, 1976],
       [1363, 1976],
       [1363, 2217],
       [1323, 2217]], dtype=int32), array([[1878, 1129],
       [1913, 1129],
       [1913, 1351],
       [1878, 1351]], dtype=int32), array([[1348, 1883],
       [1476, 1883],
       [1476, 1937],
       [1348, 1937]], dtype=int32), array([[1638, 1855],
       [1766, 1855],
       [1766, 1908],
       [1638, 1908]], dtype=int32), array([[1535, 1244],
       [1605, 1244],
       [1605, 1314],
       [1535, 1314]], dtype=int32), array([[1622, 1245],
       [1690, 1245],
       [1690, 1313],
       [1622, 1313]], dtype=int32), array([[1808, 2253],
       [1919, 2253],
       [1919, 2287],
       [1808, 2287]], dtype=int32), array([[ 957, 2245],
       [1032, 2245],
       [1032, 2286],
       [ 957, 2286]], dtype=int32)]",1
./dataset-dev/plates/GB.334584.A-060.tif,"[array([[ 631,  757],
       [2171,  757],
       [2171, 2497],
       [ 631, 2497]], dtype=int32), array([[ 762, 2052],
       [1423, 2052],
       [1423, 2725],
       [ 762, 2725]], dtype=int32), array([[1429, 2530],
       [2166, 2530],
       [2166, 3017],
       [1429, 3017]], dtype=int32), array([[1571, 2156],
       [2172, 2156],
       [2172, 2417],
       [1571, 2417]], dtype=int32), array([[1617, 1621],
       [2104, 1621],
       [2104, 1858],
       [1617, 1858]], dtype=int32), array([[ 867, 1487],
       [1316, 1487],
       [1316, 1654],
       [ 867, 1654]], dtype=int32), array([[ 856, 1357],
       [1317, 1357],
       [1317, 1514],
       [ 856, 1514]], dtype=int32), array([[ 732, 2040],
       [ 964, 2040],
       [ 964, 2322],
       [ 732, 2322]], dtype=int32), array([[ 484,  560],
       [ 504,  560],
       [ 504, 3137],
       [ 484, 3137]], dtype=int32), array([[ 798, 2765],
       [1167, 2765],
       [1167, 2887],
       [ 798, 2887]], dtype=int32), array([[1416,  747],
       [1584,  747],
       [1584,  865],
       [1416,  865]], dtype=int32), array([[1513, 2244],
       [1618, 2244],
       [1618, 2350],
       [1513, 2350]], dtype=int32), array([[2059, 2807],
       [2153, 2807],
       [2153, 2920],
       [2059, 2920]], dtype=int32), array([[1588,  749],
       [1683,  749],
       [1683,  844],
       [1588,  844]], dtype=int32), array([[1478, 1385],
       [1585, 1385],
       [1585, 1444],
       [1478, 1444]], dtype=int32), array([[1473, 2714],
       [1562, 2714],
       [1562, 2774],
       [1473, 2774]], dtype=int32), array([[ 909, 1332],
       [ 988, 1332],
       [ 988, 1392],
       [ 909, 1392]], dtype=int32), array([[1468, 2160],
       [1547, 2160],
       [1547, 2218],
       [1468, 2218]], dtype=int32), array([[ 857, 2721],
       [ 935, 2721],
       [ 935, 2779],
       [ 857, 2779]], dtype=int32), array([[ 944, 1153],
       [1021, 1153],
       [1021, 1210],
       [ 944, 1210]], dtype=int32), array([[ 872, 2352],
       [ 930, 2352],
       [ 930, 2406],
       [ 872, 2406]], dtype=int32)]",0
./dataset-dev/plates/GB.359612.A-007.tif,"[array([[ 919, 1550],
       [2201, 1550],
       [2201, 2529],
       [ 919, 2529]], dtype=int32), array([[ 416, 1522],
       [ 997, 1522],
       [ 997, 2524],
       [ 416, 2524]], dtype=int32), array([[1306,  817],
       [1942,  817],
       [1942, 1441],
       [1306, 1441]], dtype=int32), array([[ 670,  791],
       [1271,  791],
       [1271, 1426],
       [ 670, 1426]], dtype=int32), array([[ 692,  151],
       [1273,  151],
       [1273,  785],
       [ 692,  785]], dtype=int32), array([[ 416, 1471],
       [2201, 1471],
       [2201, 1517],
       [ 416, 1517]], dtype=int32), array([[1301,  403],
       [1380,  403],
       [1380,  562],
       [1301,  562]], dtype=int32), array([[1767,  667],
       [1844,  667],
       [1844,  811],
       [1767,  811]], dtype=int32), array([[ 986, 2007],
       [1061, 2007],
       [1061, 2152],
       [ 986, 2152]], dtype=int32), array([[1224,  829],
       [1297,  829],
       [1297,  975],
       [1224,  975]], dtype=int32), array([[1842, 2188],
       [1914, 2188],
       [1914, 2324],
       [1842, 2324]], dtype=int32), array([[1924, 1721],
       [2089, 1721],
       [2089, 1741],
       [1924, 1741]], dtype=int32)]",1
./dataset-dev/plates/GB.334584.A-048.tif,"[array([[ 607,  755],
       [2232,  755],
       [2232, 2989],
       [ 607, 2989]], dtype=int32), array([[ 451,  535],
       [ 501,  535],
       [ 501, 3115],
       [ 451, 3115]], dtype=int32), array([[1123,  944],
       [1357,  944],
       [1357, 1063],
       [1123, 1063]], dtype=int32), array([[1980,  714],
       [2119,  714],
       [2119,  786],
       [1980,  786]], dtype=int32), array([[2098, 2632],
       [2171, 2632],
       [2171, 2690],
       [2098, 2690]], dtype=int32), array([[1694, 1518],
       [1753, 1518],
       [1753, 1579],
       [1694, 1579]], dtype=int32), array([[1603, 1163],
       [1657, 1163],
       [1657, 1226],
       [1603, 1226]], dtype=int32)]",1
./dataset-dev/plates/GB.401900.A-005.tif,"[array([[ 588,  274],
       [1543,  274],
       [1543, 1332],
       [ 588, 1332]], dtype=int32), array([[1758,  502],
       [2267,  502],
       [2267, 1213],
       [1758, 1213]], dtype=int32), array([[1056, 1750],
       [1666, 1750],
       [1666, 2267],
       [1056, 2267]], dtype=int32), array([[ 485, 1523],
       [2266, 1523],
       [2266, 1563],
       [ 485, 1563]], dtype=int32), array([[485, 726],
       [561, 726],
       [561, 931],
       [485, 931]], dtype=int32), array([[1217, 2304],
       [1309, 2304],
       [1309, 2469],
       [1217, 2469]], dtype=int32), array([[653, 809],
       [836, 809],
       [836, 829],
       [653, 829]], dtype=int32)]",1
./dataset-dev/plates/GB.401900.A-004.tif,"[array([[ 467,  603],
       [1943,  603],
       [1943, 1971],
       [ 467, 1971]], dtype=int32), array([[ 650, 2723],
       [1667, 2723],
       [1667, 3012],
       [ 650, 3012]], dtype=int32), array([[1033, 2282],
       [1509, 2282],
       [1509, 2806],
       [1033, 2806]], dtype=int32), array([[1142,  434],
       [1306,  434],
       [1306,  555],
       [1142,  555]], dtype=int32), array([[1023,  435],
       [1146,  435],
       [1146,  555],
       [1023,  555]], dtype=int32), array([[1035, 1845],
       [1145, 1845],
       [1145, 1968],
       [1035, 1968]], dtype=int32), array([[ 893, 1437],
       [1053, 1437],
       [1053, 1510],
       [ 893, 1510]], dtype=int32), array([[1215, 1848],
       [1298, 1848],
       [1298, 1960],
       [1215, 1960]], dtype=int32), array([[1331,  780],
       [1376,  780],
       [1376,  947],
       [1331,  947]], dtype=int32), array([[1578, 1471],
       [1647, 1471],
       [1647, 1518],
       [1578, 1518]], dtype=int32)]",1
./dataset-dev/plates/GB.334584.A-049.tif,"[array([[ 420,  659],
       [1665,  659],
       [1665, 1789],
       [ 420, 1789]], dtype=int32), array([[1103, 1978],
       [2161, 1978],
       [2161, 3008],
       [1103, 3008]], dtype=int32), array([[1217,  659],
       [1785,  659],
       [1785, 1773],
       [1217, 1773]], dtype=int32), array([[1688,  654],
       [2029,  654],
       [2029, 1773],
       [1688, 1773]], dtype=int32), array([[1842, 1977],
       [2161, 1977],
       [2161, 2836],
       [1842, 2836]], dtype=int32), array([[ 387, 2230],
       [ 837, 2230],
       [ 837, 2778],
       [ 387, 2778]], dtype=int32), array([[ 387, 1884],
       [2161, 1884],
       [2161, 1909],
       [ 387, 1909]], dtype=int32), array([[ 879, 2420],
       [ 967, 2420],
       [ 967, 2621],
       [ 879, 2621]], dtype=int32), array([[1961, 1100],
       [2048, 1100],
       [2048, 1261],
       [1961, 1261]], dtype=int32), array([[2103, 2372],
       [2161, 2372],
       [2161, 2544],
       [2103, 2544]], dtype=int32), array([[ 704, 2668],
       [ 766, 2668],
       [ 766, 2756],
       [ 704, 2756]], dtype=int32), array([[ 717, 2356],
       [ 766, 2356],
       [ 766, 2435],
       [ 717, 2435]], dtype=int32), array([[ 391, 2569],
       [ 436, 2569],
       [ 436, 2649],
       [ 391, 2649]], dtype=int32), array([[2042, 1567],
       [2090, 1567],
       [2090, 1630],
       [2042, 1630]], dtype=int32)]",0
./dataset-dev/plates/GB.359612.A-006.tif,"[array([[ 370, 1752],
       [1251, 1752],
       [1251, 2656],
       [ 370, 2656]], dtype=int32), array([[ 358,  834],
       [1265,  834],
       [1265, 1694],
       [ 358, 1694]], dtype=int32), array([[1287,  839],
       [2199,  839],
       [2199, 1680],
       [1287, 1680]], dtype=int32), array([[1269, 2398],
       [1465, 2398],
       [1465, 2503],
       [1269, 2503]], dtype=int32), array([[1605, 1725],
       [1753, 1725],
       [1753, 1831],
       [1605, 1831]], dtype=int32), array([[1022, 1626],
       [1166, 1626],
       [1166, 1725],
       [1022, 1725]], dtype=int32), array([[1757, 1728],
       [1821, 1728],
       [1821, 1802],
       [1757, 1802]], dtype=int32), array([[1168, 1630],
       [1221, 1630],
       [1221, 1700],
       [1168, 1700]], dtype=int32), array([[2075,  940],
       [2190,  940],
       [2190,  971],
       [2075,  971]], dtype=int32), array([[2068, 1382],
       [2141, 1382],
       [2141, 1429],
       [2068, 1429]], dtype=int32), array([[1995, 1334],
       [2061, 1334],
       [2061, 1381],
       [1995, 1381]], dtype=int32)]",1
./dataset-dev/plates/GB.334584.A-061.tif,"[array([[ 725,  654],
       [2272,  654],
       [2272, 3053],
       [ 725, 3053]], dtype=int32), array([[1289,  764],
       [1463,  764],
       [1463,  878],
       [1289,  878]], dtype=int32), array([[1608, 1966],
       [1695, 1966],
       [1695, 2074],
       [1608, 2074]], dtype=int32), array([[1464,  766],
       [1546,  766],
       [1546,  866],
       [1464,  866]], dtype=int32), array([[1466, 1237],
       [1539, 1237],
       [1539, 1343],
       [1466, 1343]], dtype=int32), array([[1134, 2037],
       [1227, 2037],
       [1227, 2108],
       [1134, 2108]], dtype=int32)]",1
./dataset-dev/plates/GB.331224.A-006.tif,"[array([[ 926,  190],
       [1724,  190],
       [1724, 1645],
       [ 926, 1645]], dtype=int32), array([[1751,  255],
       [2132,  255],
       [2132, 2417],
       [1751, 2417]], dtype=int32), array([[ 501,  275],
       [ 865,  275],
       [ 865, 2373],
       [ 501, 2373]], dtype=int32), array([[1074, 1678],
       [1666, 1678],
       [1666, 2451],
       [1074, 2451]], dtype=int32), array([[1748, 1132],
       [1825, 1132],
       [1825, 1373],
       [1748, 1373]], dtype=int32), array([[ 974, 1049],
       [1050, 1049],
       [1050, 1287],
       [ 974, 1287]], dtype=int32), array([[ 975,  436],
       [1050,  436],
       [1050,  673],
       [ 975,  673]], dtype=int32), array([[ 987, 1963],
       [1063, 1963],
       [1063, 2130],
       [ 987, 2130]], dtype=int32), array([[ 550, 1768],
       [ 624, 1768],
       [ 624, 1935],
       [ 550, 1935]], dtype=int32), array([[ 984, 1892],
       [1036, 1892],
       [1036, 1961],
       [ 984, 1961]], dtype=int32), array([[ 551, 1700],
       [ 602, 1700],
       [ 602, 1767],
       [ 551, 1767]], dtype=int32)]",1
./dataset-dev/plates/GB.121298.A-012.tif,"[array([[ 747,  597],
       [1412,  597],
       [1412, 2724],
       [ 747, 2724]], dtype=int32), array([[ 159,  468],
       [ 636,  468],
       [ 636, 1681],
       [ 159, 1681]], dtype=int32), array([[ 159, 2218],
       [ 694, 2218],
       [ 694, 2828],
       [ 159, 2828]], dtype=int32), array([[ 159, 1798],
       [ 506, 1798],
       [ 506, 2237],
       [ 159, 2237]], dtype=int32), array([[1256, 2685],
       [1593, 2685],
       [1593, 2863],
       [1256, 2863]], dtype=int32), array([[730, 551],
       [932, 551],
       [932, 682],
       [730, 682]], dtype=int32), array([[159, 349],
       [270, 349],
       [270, 442],
       [159, 442]], dtype=int32), array([[277, 349],
       [375, 349],
       [375, 427],
       [277, 427]], dtype=int32), array([[ 159, 1226],
       [ 200, 1226],
       [ 200, 1379],
       [ 159, 1379]], dtype=int32), array([[ 940,  553],
       [1019,  553],
       [1019,  627],
       [ 940,  627]], dtype=int32), array([[ 159, 1752],
       [ 240, 1752],
       [ 240, 1800],
       [ 159, 1800]], dtype=int32)]",0
./dataset-dev/plates/GB.171939.A-010.tif,"[array([[1071, 1128],
       [1942, 1128],
       [1942, 2239],
       [1071, 2239]], dtype=int32), array([[ 643, 1162],
       [1077, 1162],
       [1077, 2315],
       [ 643, 2315]], dtype=int32), array([[1022,  576],
       [1917,  576],
       [1917, 1042],
       [1022, 1042]], dtype=int32), array([[ 617, 1700],
       [ 676, 1700],
       [ 676, 1871],
       [ 617, 1871]], dtype=int32), array([[931, 765],
       [989, 765],
       [989, 936],
       [931, 936]], dtype=int32), array([[1078, 1730],
       [1139, 1730],
       [1139, 1859],
       [1078, 1859]], dtype=int32)]",1
./dataset-dev/plates/GB.152368.A-011.tif,"[array([[1236,  449],
       [2318,  449],
       [2318, 2872],
       [1236, 2872]], dtype=int32), array([[1204,  318],
       [1334,  318],
       [1334,  358],
       [1204,  358]], dtype=int32), array([[1393, 2656],
       [1471, 2656],
       [1471, 2722],
       [1393, 2722]], dtype=int32)]",1
./dataset-dev/plates/GB.191417192.A-005.tif,"[array([[ 256, 1079],
       [1690, 1079],
       [1690, 2375],
       [ 256, 2375]], dtype=int32), array([[1649, 1092],
       [1945, 1092],
       [1945, 2389],
       [1649, 2389]], dtype=int32), array([[ 137, 2377],
       [1963, 2377],
       [1963, 2442],
       [ 137, 2442]], dtype=int32), array([[ 215, 1366],
       [ 442, 1366],
       [ 442, 1594],
       [ 215, 1594]], dtype=int32)]",1
./dataset-dev/plates/GB.216640.A-005.tif,"[array([[ 784,  628],
       [1581,  628],
       [1581, 2112],
       [ 784, 2112]], dtype=int32), array([[ 683, 2112],
       [1327, 2112],
       [1327, 3106],
       [ 683, 3106]], dtype=int32), array([[1427, 1263],
       [2064, 1263],
       [2064, 1964],
       [1427, 1964]], dtype=int32), array([[1363, 2288],
       [2006, 2288],
       [2006, 2966],
       [1363, 2966]], dtype=int32), array([[ 342,  444],
       [2219,  444],
       [2219,  585],
       [ 342,  585]], dtype=int32), array([[ 342, 1550],
       [ 482, 1550],
       [ 482, 2740],
       [ 342, 2740]], dtype=int32), array([[ 342,  639],
       [ 505,  639],
       [ 505, 1522],
       [ 342, 1522]], dtype=int32), array([[ 567, 1973],
       [ 791, 1973],
       [ 791, 2062],
       [ 567, 2062]], dtype=int32), array([[1582, 2080],
       [1739, 2080],
       [1739, 2170],
       [1582, 2170]], dtype=int32), array([[1625, 1053],
       [1776, 1053],
       [1776, 1142],
       [1625, 1142]], dtype=int32), array([[ 977,  677],
       [1119,  677],
       [1119,  765],
       [ 977,  765]], dtype=int32), array([[1128,  668],
       [1222,  668],
       [1222,  770],
       [1128,  770]], dtype=int32), array([[1750, 2084],
       [1837, 2084],
       [1837, 2185],
       [1750, 2185]], dtype=int32), array([[ 604, 1750],
       [ 659, 1750],
       [ 659, 1909],
       [ 604, 1909]], dtype=int32), array([[1779, 1056],
       [1854, 1056],
       [1854, 1138],
       [1779, 1138]], dtype=int32), array([[1037, 2921],
       [1104, 2921],
       [1104, 2966],
       [1037, 2966]], dtype=int32)]",0
./dataset-dev/plates/GB.191223716.A-013.tif,"[array([[ 649,  368],
       [2019,  368],
       [2019, 2122],
       [ 649, 2122]], dtype=int32), array([[ 635, 2129],
       [2018, 2129],
       [2018, 2959],
       [ 635, 2959]], dtype=int32), array([[1105, 1386],
       [1662, 1386],
       [1662, 1952],
       [1105, 1952]], dtype=int32), array([[ 201,  368],
       [ 259,  368],
       [ 259, 2958],
       [ 201, 2958]], dtype=int32), array([[559, 813],
       [753, 813],
       [753, 920],
       [559, 920]], dtype=int32), array([[1701, 1002],
       [1815, 1002],
       [1815, 1110],
       [1701, 1110]], dtype=int32), array([[1071, 1967],
       [1153, 1967],
       [1153, 2023],
       [1071, 2023]], dtype=int32)]",0
./dataset-dev/plates/GB.152368.A-039.tif,"[array([[ 615,  907],
       [2183,  907],
       [2183, 2899],
       [ 615, 2899]], dtype=int32)]",1
./dataset-dev/plates/GB.125650.A-012.tif,"[array([[ 851, 1253],
       [1445, 1253],
       [1445, 2070],
       [ 851, 2070]], dtype=int32), array([[1439, 1378],
       [1964, 1378],
       [1964, 1998],
       [1439, 1998]], dtype=int32), array([[1667, 1997],
       [1797, 1997],
       [1797, 2037],
       [1667, 2037]], dtype=int32)]",1
./dataset-dev/plates/GB.191506686.A-010.tif,"[array([[ 450,  434],
       [2018,  434],
       [2018, 1471],
       [ 450, 1471]], dtype=int32), array([[ 487, 2253],
       [2019, 2253],
       [2019, 2948],
       [ 487, 2948]], dtype=int32), array([[ 514, 1473],
       [2019, 1473],
       [2019, 2149],
       [ 514, 2149]], dtype=int32)]",1
./dataset-dev/plates/GB.545196.A-009.tif,"[array([[ 825,  483],
       [1981,  483],
       [1981, 1913],
       [ 825, 1913]], dtype=int32), array([[ 685, 1906],
       [2218, 1906],
       [2218, 2948],
       [ 685, 2948]], dtype=int32), array([[2184, 2210],
       [2321, 2210],
       [2321, 2834],
       [2184, 2834]], dtype=int32), array([[1963, 1320],
       [2175, 1320],
       [2175, 1446],
       [1963, 1446]], dtype=int32), array([[ 707, 2150],
       [ 915, 2150],
       [ 915, 2271],
       [ 707, 2271]], dtype=int32)]",1
./dataset-dev/plates/GB.272628.A-014.tif,"[array([[ 393, 1611],
       [2363, 1611],
       [2363, 2887],
       [ 393, 2887]], dtype=int32), array([[ 658,  536],
       [2357,  536],
       [2357, 1552],
       [ 658, 1552]], dtype=int32), array([[2233,  951],
       [2261,  951],
       [2261, 1165],
       [2233, 1165]], dtype=int32), array([[1989, 1838],
       [2042, 1838],
       [2042, 1915],
       [1989, 1915]], dtype=int32)]",1
./dataset-dev/plates/GB.374851.A-004.tif,"[array([[ 682, 1246],
       [1755, 1246],
       [1755, 2069],
       [ 682, 2069]], dtype=int32), array([[ 753,  487],
       [1778,  487],
       [1778, 1058],
       [ 753, 1058]], dtype=int32), array([[ 825, 2263],
       [1639, 2263],
       [1639, 2852],
       [ 825, 2852]], dtype=int32), array([[1166, 2143],
       [1365, 2143],
       [1365, 2303],
       [1166, 2303]], dtype=int32), array([[1112,  384],
       [1318,  384],
       [1318,  527],
       [1112,  527]], dtype=int32), array([[1164, 1186],
       [1363, 1186],
       [1363, 1329],
       [1164, 1329]], dtype=int32), array([[1379, 2164],
       [1447, 2164],
       [1447, 2331],
       [1379, 2331]], dtype=int32), array([[1214, 2558],
       [1304, 2558],
       [1304, 2651],
       [1214, 2651]], dtype=int32), array([[1330,  383],
       [1395,  383],
       [1395,  503],
       [1330,  503]], dtype=int32), array([[1355, 1200],
       [1424, 1200],
       [1424, 1310],
       [1355, 1310]], dtype=int32), array([[1543,  993],
       [1606,  993],
       [1606, 1063],
       [1543, 1063]], dtype=int32), array([[1007, 1626],
       [1068, 1626],
       [1068, 1688],
       [1007, 1688]], dtype=int32), array([[1617, 2324],
       [1669, 2324],
       [1669, 2394],
       [1617, 2394]], dtype=int32), array([[1726, 1791],
       [1778, 1791],
       [1778, 1860],
       [1726, 1860]], dtype=int32), array([[1513, 1971],
       [1565, 1971],
       [1565, 2039],
       [1513, 2039]], dtype=int32), array([[1629, 2413],
       [1680, 2413],
       [1680, 2480],
       [1629, 2480]], dtype=int32), array([[1383, 2792],
       [1435, 2792],
       [1435, 2854],
       [1383, 2854]], dtype=int32), array([[ 732, 1691],
       [ 782, 1691],
       [ 782, 1752],
       [ 732, 1752]], dtype=int32), array([[1686,  596],
       [1734,  596],
       [1734,  659],
       [1686,  659]], dtype=int32)]",1
./dataset-dev/plates/GB.411963.A-009.tif,"[array([[1244, 1359],
       [2174, 1359],
       [2174, 2356],
       [1244, 2356]], dtype=int32), array([[ 375, 1678],
       [1230, 1678],
       [1230, 2487],
       [ 375, 2487]], dtype=int32), array([[ 406,  947],
       [1285,  947],
       [1285, 1446],
       [ 406, 1446]], dtype=int32), array([[ 400,  250],
       [1311,  250],
       [1311,  601],
       [ 400,  601]], dtype=int32), array([[ 375,  668],
       [1313,  668],
       [1313,  859],
       [ 375,  859]], dtype=int32), array([[ 792, 1779],
       [ 859, 1779],
       [ 859, 1940],
       [ 792, 1940]], dtype=int32), array([[ 378, 1362],
       [ 450, 1362],
       [ 450, 1482],
       [ 378, 1482]], dtype=int32), array([[447, 247],
       [520, 247],
       [520, 356],
       [447, 356]], dtype=int32), array([[ 378, 1743],
       [ 447, 1743],
       [ 447, 1845],
       [ 378, 1845]], dtype=int32), array([[1396, 2172],
       [1463, 2172],
       [1463, 2248],
       [1396, 2248]], dtype=int32)]",1
./dataset-dev/plates/GB.411884.A-032.tif,"[array([[ 462,  672],
       [2363,  672],
       [2363, 1383],
       [ 462, 1383]], dtype=int32), array([[ 440, 1441],
       [2364, 1441],
       [2364, 2015],
       [ 440, 2015]], dtype=int32), array([[1310, 2152],
       [2363, 2152],
       [2363, 2609],
       [1310, 2609]], dtype=int32), array([[ 790, 2113],
       [1322, 2113],
       [1322, 2537],
       [ 790, 2537]], dtype=int32), array([[ 436, 2120],
       [ 816, 2120],
       [ 816, 2473],
       [ 436, 2473]], dtype=int32), array([[ 457, 1416],
       [ 810, 1416],
       [ 810, 1524],
       [ 457, 1524]], dtype=int32), array([[582, 684],
       [953, 684],
       [953, 782],
       [582, 782]], dtype=int32), array([[1791, 2049],
       [2151, 2049],
       [2151, 2144],
       [1791, 2144]], dtype=int32), array([[ 454, 2026],
       [ 808, 2026],
       [ 808, 2122],
       [ 454, 2122]], dtype=int32), array([[ 918, 2018],
       [1275, 2018],
       [1275, 2112],
       [ 918, 2112]], dtype=int32), array([[1428, 2225],
       [1535, 2225],
       [1535, 2293],
       [1428, 2293]], dtype=int32), array([[1552, 1120],
       [1607, 1120],
       [1607, 1177],
       [1552, 1177]], dtype=int32)]",1
./dataset-dev/plates/GB.411884.A-026.tif,"[array([[ 591,  476],
       [2166,  476],
       [2166, 1441],
       [ 591, 1441]], dtype=int32), array([[ 609, 1533],
       [2126, 1533],
       [2126, 2266],
       [ 609, 2266]], dtype=int32), array([[1456, 2306],
       [2087, 2306],
       [2087, 3080],
       [1456, 3080]], dtype=int32), array([[ 468,  476],
       [ 497,  476],
       [ 497, 3100],
       [ 468, 3100]], dtype=int32), array([[1619, 2200],
       [1994, 2200],
       [1994, 2302],
       [1619, 2302]], dtype=int32), array([[1236, 1429],
       [1605, 1429],
       [1605, 1528],
       [1236, 1528]], dtype=int32), array([[1083,  484],
       [1313,  484],
       [1313,  584],
       [1083,  584]], dtype=int32), array([[1320,  489],
       [1470,  489],
       [1470,  555],
       [1320,  555]], dtype=int32), array([[1635, 2860],
       [1709, 2860],
       [1709, 2932],
       [1635, 2932]], dtype=int32), array([[1453, 1253],
       [1579, 1253],
       [1579, 1295],
       [1453, 1295]], dtype=int32), array([[1639, 2545],
       [1713, 2545],
       [1713, 2615],
       [1639, 2615]], dtype=int32), array([[2043, 2544],
       [2158, 2544],
       [2158, 2587],
       [2043, 2587]], dtype=int32), array([[ 282, 1849],
       [ 306, 1849],
       [ 306, 2052],
       [ 282, 2052]], dtype=int32), array([[1887,  585],
       [1984,  585],
       [1984,  628],
       [1887,  628]], dtype=int32), array([[ 641,  959],
       [ 735,  959],
       [ 735, 1000],
       [ 641, 1000]], dtype=int32)]",1
./dataset-dev/plates/GB.544722.A-034.tif,"[array([[ 578,  675],
       [2115,  675],
       [2115, 3129],
       [ 578, 3129]], dtype=int32), array([[1315,  534],
       [1443,  534],
       [1443,  652],
       [1315,  652]], dtype=int32), array([[568, 694],
       [798, 694],
       [798, 745],
       [568, 745]], dtype=int32), array([[ 307, 1600],
       [ 416, 1600],
       [ 416, 1701],
       [ 307, 1701]], dtype=int32), array([[ 478, 1882],
       [ 658, 1882],
       [ 658, 1933],
       [ 478, 1933]], dtype=int32), array([[ 302, 1892],
       [ 432, 1892],
       [ 432, 1944],
       [ 302, 1944]], dtype=int32), array([[ 302, 1701],
       [ 429, 1701],
       [ 429, 1752],
       [ 302, 1752]], dtype=int32), array([[ 302, 2784],
       [ 413, 2784],
       [ 413, 2836],
       [ 302, 2836]], dtype=int32), array([[ 334, 2037],
       [ 440, 2037],
       [ 440, 2086],
       [ 334, 2086]], dtype=int32), array([[1445,  563],
       [1525,  563],
       [1525,  622],
       [1445,  622]], dtype=int32), array([[ 791, 2091],
       [ 882, 2091],
       [ 882, 2139],
       [ 791, 2139]], dtype=int32), array([[1072, 3050],
       [1158, 3050],
       [1158, 3097],
       [1072, 3097]], dtype=int32), array([[1889, 1138],
       [1969, 1138],
       [1969, 1185],
       [1889, 1185]], dtype=int32), array([[1350, 2837],
       [1428, 2837],
       [1428, 2885],
       [1350, 2885]], dtype=int32), array([[ 631, 1153],
       [ 703, 1153],
       [ 703, 1202],
       [ 631, 1202]], dtype=int32), array([[1379, 1162],
       [1451, 1162],
       [1451, 1210],
       [1379, 1210]], dtype=int32)]",0
./dataset-dev/plates/GB.501859.A-004.tif,"[array([[ 755, 1360],
       [1125, 1360],
       [1125, 1798],
       [ 755, 1798]], dtype=int32), array([[ 611,  511],
       [1220,  511],
       [1220,  734],
       [ 611,  734]], dtype=int32), array([[ 621,  760],
       [1241,  760],
       [1241,  978],
       [ 621,  978]], dtype=int32), array([[ 656, 2348],
       [1139, 2348],
       [1139, 2616],
       [ 656, 2616]], dtype=int32), array([[1472, 1578],
       [1970, 1578],
       [1970, 1834],
       [1472, 1834]], dtype=int32), array([[1609, 1307],
       [2103, 1307],
       [2103, 1548],
       [1609, 1548]], dtype=int32), array([[ 778, 2168],
       [1241, 2168],
       [1241, 2418],
       [ 778, 2418]], dtype=int32), array([[1543,  509],
       [2001,  509],
       [2001,  717],
       [1543,  717]], dtype=int32), array([[1541,  742],
       [2010,  742],
       [2010,  912],
       [1541,  912]], dtype=int32), array([[1632, 2166],
       [2048, 2166],
       [2048, 2355],
       [1632, 2355]], dtype=int32), array([[1563, 2384],
       [1987, 2384],
       [1987, 2568],
       [1563, 2568]], dtype=int32), array([[ 844, 2288],
       [1060, 2288],
       [1060, 2527],
       [ 844, 2527]], dtype=int32), array([[1744, 2287],
       [1931, 2287],
       [1931, 2496],
       [1744, 2496]], dtype=int32), array([[1655, 1454],
       [1897, 1454],
       [1897, 1614],
       [1655, 1614]], dtype=int32), array([[ 837,  612],
       [1039,  612],
       [1039,  784],
       [ 837,  784]], dtype=int32), array([[1722,  602],
       [1866,  602],
       [1866,  789],
       [1722,  789]], dtype=int32), array([[1645,  970],
       [1833,  970],
       [1833, 1087],
       [1645, 1087]], dtype=int32), array([[ 803, 1814],
       [ 996, 1814],
       [ 996, 1926],
       [ 803, 1926]], dtype=int32), array([[ 844, 2634],
       [1033, 2634],
       [1033, 2747],
       [ 844, 2747]], dtype=int32), array([[1658, 1798],
       [1839, 1798],
       [1839, 1915],
       [1658, 1915]], dtype=int32), array([[ 793,  980],
       [ 978,  980],
       [ 978, 1090],
       [ 793, 1090]], dtype=int32), array([[1689, 2626],
       [1866, 2626],
       [1866, 2737],
       [1689, 2737]], dtype=int32), array([[ 978,  978],
       [1039,  978],
       [1039, 1068],
       [ 978, 1068]], dtype=int32), array([[1873, 1798],
       [1939, 1798],
       [1939, 1875],
       [1873, 1875]], dtype=int32), array([[1003, 1814],
       [1060, 1814],
       [1060, 1894],
       [1003, 1894]], dtype=int32), array([[1854,  970],
       [1908,  970],
       [1908, 1042],
       [1854, 1042]], dtype=int32), array([[1046, 2633],
       [1097, 2633],
       [1097, 2701],
       [1046, 2701]], dtype=int32), array([[1894, 2626],
       [1941, 2626],
       [1941, 2698],
       [1894, 2698]], dtype=int32)]",0
./dataset-dev/plates/GB.191020675.A-004.tif,"[array([[ 467,  687],
       [1920,  687],
       [1920, 1748],
       [ 467, 1748]], dtype=int32), array([[ 467, 2349],
       [1653, 2349],
       [1653, 2759],
       [ 467, 2759]], dtype=int32), array([[ 601, 1917],
       [1391, 1917],
       [1391, 2256],
       [ 601, 2256]], dtype=int32), array([[1679, 1911],
       [1883, 1911],
       [1883, 2293],
       [1679, 2293]], dtype=int32), array([[ 667, 1997],
       [1185, 1997],
       [1185, 2125],
       [ 667, 2125]], dtype=int32), array([[1488, 1904],
       [1669, 1904],
       [1669, 2267],
       [1488, 2267]], dtype=int32), array([[1657, 2431],
       [1900, 2431],
       [1900, 2694],
       [1657, 2694]], dtype=int32), array([[1648,  672],
       [1914,  672],
       [1914,  780],
       [1648,  780]], dtype=int32), array([[1695, 2787],
       [1920, 2787],
       [1920, 2907],
       [1695, 2907]], dtype=int32), array([[1411, 1784],
       [1651, 1784],
       [1651, 1883],
       [1411, 1883]], dtype=int32), array([[1657, 1785],
       [1875, 1785],
       [1875, 1878],
       [1657, 1878]], dtype=int32), array([[ 921, 1791],
       [1119, 1791],
       [1119, 1888],
       [ 921, 1888]], dtype=int32), array([[ 964, 2298],
       [1153, 2298],
       [1153, 2395],
       [ 964, 2395]], dtype=int32), array([[1188, 2023],
       [1335, 2023],
       [1335, 2124],
       [1188, 2124]], dtype=int32), array([[ 467, 2490],
       [ 562, 2490],
       [ 562, 2618],
       [ 467, 2618]], dtype=int32), array([[1043, 2496],
       [1127, 2496],
       [1127, 2614],
       [1043, 2614]], dtype=int32), array([[1162, 2296],
       [1253, 2296],
       [1253, 2368],
       [1162, 2368]], dtype=int32), array([[1205,  688],
       [1295,  688],
       [1295,  758],
       [1205,  758]], dtype=int32), array([[1120, 1788],
       [1195, 1788],
       [1195, 1866],
       [1120, 1866]], dtype=int32), array([[1799, 2860],
       [1893, 2860],
       [1893, 2907],
       [1799, 2907]], dtype=int32), array([[1594, 1984],
       [1661, 1984],
       [1661, 2031],
       [1594, 2031]], dtype=int32)]",0
./dataset-dev/plates/GB.112704.A-010.tif,"[array([[ 213, 1376],
       [1067, 1376],
       [1067, 2067],
       [ 213, 2067]], dtype=int32), array([[1040, 1379],
       [1824, 1379],
       [1824, 2069],
       [1040, 2069]], dtype=int32), array([[1082, 1299],
       [1882, 1299],
       [1882, 1371],
       [1082, 1371]], dtype=int32), array([[ 259, 1296],
       [1053, 1296],
       [1053, 1366],
       [ 259, 1366]], dtype=int32), array([[ 659, 1261],
       [ 758, 1261],
       [ 758, 1296],
       [ 659, 1296]], dtype=int32), array([[1383, 1254],
       [1477, 1254],
       [1477, 1289],
       [1383, 1289]], dtype=int32)]",0
./dataset-dev/plates/GB.112704.A-012.tif,"[array([[ 229,  212],
       [1795,  212],
       [1795, 3055],
       [ 229, 3055]], dtype=int32), array([[ 229, 1074],
       [1459, 1074],
       [1459, 2426],
       [ 229, 2426]], dtype=int32), array([[ 229,  918],
       [1564,  918],
       [1564, 1059],
       [ 229, 1059]], dtype=int32), array([[1455, 3023],
       [1891, 3023],
       [1891, 3198],
       [1455, 3198]], dtype=int32), array([[ 777, 1780],
       [ 885, 1780],
       [ 885, 1841],
       [ 777, 1841]], dtype=int32), array([[ 674, 1808],
       [ 769, 1808],
       [ 769, 1871],
       [ 674, 1871]], dtype=int32), array([[603, 833],
       [714, 833],
       [714, 885],
       [603, 885]], dtype=int32), array([[1631, 1423],
       [1718, 1423],
       [1718, 1468],
       [1631, 1468]], dtype=int32), array([[715, 832],
       [775, 832],
       [775, 889],
       [715, 889]], dtype=int32), array([[1448, 1502],
       [1525, 1502],
       [1525, 1542],
       [1448, 1542]], dtype=int32)]",0
./dataset-dev/plates/GB.403328.A-003.tif,"[array([[ 551,  613],
       [1038,  613],
       [1038, 2337],
       [ 551, 2337]], dtype=int32), array([[1594,  634],
       [2015,  634],
       [2015, 2341],
       [1594, 2341]], dtype=int32), array([[ 620, 2566],
       [1023, 2566],
       [1023, 2883],
       [ 620, 2883]], dtype=int32), array([[ 972, 2689],
       [1182, 2689],
       [1182, 2802],
       [ 972, 2802]], dtype=int32), array([[1605,  365],
       [1744,  365],
       [1744,  480],
       [1605,  480]], dtype=int32), array([[672, 354],
       [812, 354],
       [812, 466],
       [672, 466]], dtype=int32), array([[1527,  363],
       [1638,  363],
       [1638,  443],
       [1527,  443]], dtype=int32), array([[592, 353],
       [703, 353],
       [703, 432],
       [592, 432]], dtype=int32), array([[ 908, 2167],
       [1005, 2167],
       [1005, 2255],
       [ 908, 2255]], dtype=int32), array([[ 562, 2708],
       [ 664, 2708],
       [ 664, 2790],
       [ 562, 2790]], dtype=int32), array([[1229, 2700],
       [1320, 2700],
       [1320, 2768],
       [1229, 2768]], dtype=int32), array([[1894,  551],
       [1960,  551],
       [1960,  636],
       [1894,  636]], dtype=int32), array([[ 964,  537],
       [1026,  537],
       [1026,  626],
       [ 964,  626]], dtype=int32), array([[1794,  375],
       [1866,  375],
       [1866,  442],
       [1794,  442]], dtype=int32), array([[879, 364],
       [941, 364],
       [941, 438],
       [879, 438]], dtype=int32), array([[ 935,  799],
       [1013,  799],
       [1013,  855],
       [ 935,  855]], dtype=int32), array([[1916,  775],
       [1989,  775],
       [1989,  831],
       [1916,  831]], dtype=int32), array([[1562, 2131],
       [1628, 2131],
       [1628, 2191],
       [1562, 2191]], dtype=int32), array([[1514, 1425],
       [1575, 1425],
       [1575, 1480],
       [1514, 1480]], dtype=int32)]",0
./dataset-dev/plates/GB.180631.A-004.tif,"[array([[ 987,  549],
       [2189,  549],
       [2189, 1630],
       [ 987, 1630]], dtype=int32), array([[ 324, 2571],
       [2229, 2571],
       [2229, 2861],
       [ 324, 2861]], dtype=int32), array([[ 314,  735],
       [ 870,  735],
       [ 870, 1581],
       [ 314, 1581]], dtype=int32), array([[ 475, 2072],
       [ 580, 2072],
       [ 580, 2163],
       [ 475, 2163]], dtype=int32), array([[ 577, 2093],
       [ 664, 2093],
       [ 664, 2187],
       [ 577, 2187]], dtype=int32), array([[1429,  476],
       [1522,  476],
       [1522,  550],
       [1429,  550]], dtype=int32), array([[1522,  490],
       [1599,  490],
       [1599,  576],
       [1522,  576]], dtype=int32), array([[1617,  456],
       [1687,  456],
       [1687,  543],
       [1617,  543]], dtype=int32), array([[ 696, 2067],
       [ 759, 2067],
       [ 759, 2151],
       [ 696, 2151]], dtype=int32), array([[314, 493],
       [373, 493],
       [373, 570],
       [314, 570]], dtype=int32), array([[1681,  643],
       [1749,  643],
       [1749,  691],
       [1681,  691]], dtype=int32)]",1
./dataset-dev/plates/GB.561274.A-009.tif,"[array([[ 615, 2470],
       [2098, 2470],
       [2098, 3138],
       [ 615, 3138]], dtype=int32), array([[1038, 1795],
       [2097, 1795],
       [2097, 2008],
       [1038, 2008]], dtype=int32), array([[1233, 1343],
       [2097, 1343],
       [2097, 1554],
       [1233, 1554]], dtype=int32), array([[ 609, 1541],
       [ 936, 1541],
       [ 936, 1989],
       [ 609, 1989]], dtype=int32), array([[ 761, 1369],
       [1185, 1369],
       [1185, 1534],
       [ 761, 1534]], dtype=int32), array([[ 609, 2247],
       [2097, 2247],
       [2097, 2272],
       [ 609, 2272]], dtype=int32), array([[ 856, 1985],
       [1727, 1985],
       [1727, 2017],
       [ 856, 2017]], dtype=int32), array([[1068, 1529],
       [1351, 1529],
       [1351, 1622],
       [1068, 1622]], dtype=int32), array([[1229, 2019],
       [1360, 2019],
       [1360, 2098],
       [1229, 2098]], dtype=int32), array([[1330, 2942],
       [1444, 2942],
       [1444, 3022],
       [1330, 3022]], dtype=int32)]",0
./dataset-dev/plates/GB.420810.A-008.tif,"[array([[ 940,  787],
       [2130,  787],
       [2130, 2878],
       [ 940, 2878]], dtype=int32), array([[ 572, 2118],
       [1009, 2118],
       [1009, 2763],
       [ 572, 2763]], dtype=int32), array([[ 412,  503],
       [ 442,  503],
       [ 442, 3137],
       [ 412, 3137]], dtype=int32), array([[1282, 2209],
       [1557, 2209],
       [1557, 2242],
       [1282, 2242]], dtype=int32), array([[ 911,  827],
       [1012,  827],
       [1012,  905],
       [ 911,  905]], dtype=int32), array([[1010,  829],
       [1062,  829],
       [1062,  889],
       [1010,  889]], dtype=int32)]",1
./dataset-dev/plates/GB.220420.A-007.tif,"[array([[ 519,  729],
       [1602,  729],
       [1602, 2671],
       [ 519, 2671]], dtype=int32), array([[1617,  798],
       [2070,  798],
       [2070, 2496],
       [1617, 2496]], dtype=int32), array([[2138,  390],
       [2184,  390],
       [2184, 3018],
       [2138, 3018]], dtype=int32), array([[1739, 2626],
       [1904, 2626],
       [1904, 2700],
       [1739, 2700]], dtype=int32), array([[ 522, 2402],
       [ 681, 2402],
       [ 681, 2473],
       [ 522, 2473]], dtype=int32), array([[2237, 1507],
       [2353, 1507],
       [2353, 1599],
       [2237, 1599]], dtype=int32), array([[2226, 2750],
       [2353, 2750],
       [2353, 2808],
       [2226, 2808]], dtype=int32), array([[1606, 1721],
       [1721, 1721],
       [1721, 1783],
       [1606, 1783]], dtype=int32), array([[1514, 2446],
       [1640, 2446],
       [1640, 2501],
       [1514, 2501]], dtype=int32), array([[1905, 2628],
       [1997, 2628],
       [1997, 2701],
       [1905, 2701]], dtype=int32), array([[1613, 1408],
       [1723, 1408],
       [1723, 1467],
       [1613, 1467]], dtype=int32), array([[ 534, 1329],
       [ 643, 1329],
       [ 643, 1386],
       [ 534, 1386]], dtype=int32), array([[1558, 2257],
       [1665, 2257],
       [1665, 2315],
       [1558, 2315]], dtype=int32), array([[ 737, 2612],
       [ 841, 2612],
       [ 841, 2668],
       [ 737, 2668]], dtype=int32), array([[1069, 1901],
       [1142, 1901],
       [1142, 1975],
       [1069, 1975]], dtype=int32), array([[1070, 2012],
       [1143, 2012],
       [1143, 2084],
       [1070, 2084]], dtype=int32), array([[ 680, 2404],
       [ 745, 2404],
       [ 745, 2473],
       [ 680, 2473]], dtype=int32), array([[2299, 2681],
       [2354, 2681],
       [2354, 2749],
       [2299, 2749]], dtype=int32), array([[2296, 1780],
       [2354, 1780],
       [2354, 1837],
       [2296, 1837]], dtype=int32)]",1
./dataset-dev/plates/GB.544722.A-022.tif,"[array([[ 375, 1726],
       [1814, 1726],
       [1814, 2747],
       [ 375, 2747]], dtype=int32), array([[ 544,  802],
       [1772,  802],
       [1772, 1586],
       [ 544, 1586]], dtype=int32), array([[ 302,  574],
       [ 449,  574],
       [ 449, 1713],
       [ 302, 1713]], dtype=int32), array([[ 598, 2040],
       [ 774, 2040],
       [ 774, 2273],
       [ 598, 2273]], dtype=int32), array([[ 456, 1726],
       [ 626, 1726],
       [ 626, 1832],
       [ 456, 1832]], dtype=int32), array([[578, 682],
       [703, 682],
       [703, 804],
       [578, 804]], dtype=int32), array([[ 625, 2272],
       [ 756, 2272],
       [ 756, 2309],
       [ 625, 2309]], dtype=int32), array([[1479, 2009],
       [1567, 2009],
       [1567, 2054],
       [1479, 2054]], dtype=int32), array([[ 560, 1095],
       [ 640, 1095],
       [ 640, 1141],
       [ 560, 1141]], dtype=int32), array([[894, 799],
       [968, 799],
       [968, 845],
       [894, 845]], dtype=int32), array([[704, 711],
       [762, 711],
       [762, 767],
       [704, 767]], dtype=int32), array([[ 364, 1495],
       [ 431, 1495],
       [ 431, 1541],
       [ 364, 1541]], dtype=int32)]",1
./dataset-dev/plates/GB.544722.A-036.tif,"[array([[ 841,  478],
       [2112,  478],
       [2112, 2515],
       [ 841, 2515]], dtype=int32), array([[ 862, 2543],
       [2360, 2543],
       [2360, 2998],
       [ 862, 2998]], dtype=int32), array([[2158, 1196],
       [2361, 1196],
       [2361, 1765],
       [2158, 1765]], dtype=int32), array([[678, 513],
       [830, 513],
       [830, 613],
       [678, 613]], dtype=int32), array([[ 789, 2543],
       [ 903, 2543],
       [ 903, 2648],
       [ 789, 2648]], dtype=int32), array([[1489, 2590],
       [1628, 2590],
       [1628, 2670],
       [1489, 2670]], dtype=int32), array([[2189, 1781],
       [2360, 1781],
       [2360, 1835],
       [2189, 1835]], dtype=int32), array([[1953, 1533],
       [2110, 1533],
       [2110, 1577],
       [1953, 1577]], dtype=int32), array([[2251, 2759],
       [2349, 2759],
       [2349, 2802],
       [2251, 2802]], dtype=int32), array([[ 769, 2737],
       [ 859, 2737],
       [ 859, 2783],
       [ 769, 2783]], dtype=int32), array([[1392, 2630],
       [1480, 2630],
       [1480, 2676],
       [1392, 2676]], dtype=int32), array([[1332, 2931],
       [1421, 2931],
       [1421, 2976],
       [1332, 2976]], dtype=int32), array([[2194, 2887],
       [2285, 2887],
       [2285, 2930],
       [2194, 2930]], dtype=int32), array([[1313,  826],
       [1396,  826],
       [1396,  872],
       [1313,  872]], dtype=int32), array([[1099, 2622],
       [1189, 2622],
       [1189, 2664],
       [1099, 2664]], dtype=int32), array([[ 907, 2554],
       [ 976, 2554],
       [ 976, 2604],
       [ 907, 2604]], dtype=int32), array([[ 865, 1949],
       [ 941, 1949],
       [ 941, 1991],
       [ 865, 1991]], dtype=int32)]",0
./dataset-dev/plates/GB.411884.A-030.tif,"[array([[ 282,  541],
       [1671,  541],
       [1671, 3048],
       [ 282, 3048]], dtype=int32), array([[1109,  622],
       [1452,  622],
       [1452,  716],
       [1109,  716]], dtype=int32), array([[1197, 1366],
       [1537, 1366],
       [1537, 1459],
       [1197, 1459]], dtype=int32)]",0
./dataset-dev/plates/GB.411884.A-024.tif,"[array([[1180,  179],
       [2171,  179],
       [2171, 1579],
       [1180, 1579]], dtype=int32), array([[ 448, 1470],
       [1539, 1470],
       [1539, 2467],
       [ 448, 2467]], dtype=int32), array([[ 586,  202],
       [1119,  202],
       [1119,  748],
       [ 586,  748]], dtype=int32), array([[ 552,  835],
       [1127,  835],
       [1127, 1332],
       [ 552, 1332]], dtype=int32), array([[1731, 1942],
       [2116, 1942],
       [2116, 2488],
       [1731, 2488]], dtype=int32), array([[1731, 1510],
       [2151, 1510],
       [2151, 1942],
       [1731, 1942]], dtype=int32), array([[ 660,  279],
       [1043,  279],
       [1043,  671],
       [ 660,  671]], dtype=int32), array([[1601, 1623],
       [1672, 1623],
       [1672, 1857],
       [1601, 1857]], dtype=int32), array([[472, 319],
       [537, 319],
       [537, 553],
       [472, 553]], dtype=int32), array([[1088,  713],
       [1153,  713],
       [1153,  947],
       [1088,  947]], dtype=int32), array([[1615, 2110],
       [1681, 2110],
       [1681, 2336],
       [1615, 2336]], dtype=int32), array([[ 480,  954],
       [ 545,  954],
       [ 545, 1182],
       [ 480, 1182]], dtype=int32), array([[ 451, 2244],
       [ 516, 2244],
       [ 516, 2449],
       [ 451, 2449]], dtype=int32)]",1
./dataset-dev/plates/GB.411884.A-018.tif,"[array([[ 436,  175],
       [1548,  175],
       [1548, 1839],
       [ 436, 1839]], dtype=int32), array([[1068, 1355],
       [2162, 1355],
       [2162, 2346],
       [1068, 2346]], dtype=int32), array([[1638,  456],
       [2153,  456],
       [2153, 1262],
       [1638, 1262]], dtype=int32), array([[ 426, 1793],
       [ 978, 1793],
       [ 978, 2514],
       [ 426, 2514]], dtype=int32), array([[ 362,  948],
       [ 437,  948],
       [ 437, 1183],
       [ 362, 1183]], dtype=int32), array([[1649,  612],
       [1721,  612],
       [1721,  840],
       [1649,  840]], dtype=int32), array([[ 377, 2186],
       [ 449, 2186],
       [ 449, 2408],
       [ 377, 2408]], dtype=int32), array([[1017, 1841],
       [1091, 1841],
       [1091, 2055],
       [1017, 2055]], dtype=int32), array([[ 505, 2405],
       [ 572, 2405],
       [ 572, 2484],
       [ 505, 2484]], dtype=int32)]",1
./dataset-dev/plates/GB.272628.A-016.tif,"[array([[ 592,  143],
       [2235,  143],
       [2235, 2522],
       [ 592, 2522]], dtype=int32), array([[ 950,  688],
       [1016,  688],
       [1016,  779],
       [ 950,  779]], dtype=int32), array([[ 948,  648],
       [1016,  648],
       [1016,  694],
       [ 948,  694]], dtype=int32)]",1
